Question 1;good answer;wrong answer ;wrong answer ;wrong answer 
Question 2;good answer;wrong answer ;wrong answer ;wrong answer 
Question 3;good answer;wrong answer ;wrong answer ;wrong answer 
Question 4;good answer;wrong answer ;wrong answer ;wrong answer 
Question 5;good answer;wrong answer ;wrong answer ;wrong answer 
Question 6;good answer;wrong answer ;wrong answer ;wrong answer 
Question 7;good answer;wrong answer ;wrong answer ;wrong answer 
Question 8;good answer;wrong answer ;wrong answer ;wrong answer 
Question 9;good answer;wrong answer ;wrong answer ;wrong answer 
Question 10;good answer;wrong answer ;wrong answer ;wrong answer 
